id,track_name,artist_name,acousticness,danceability,energy,valence,instrumentalness,speechiness,tempo,loudness,mode,key,duration_ms,time_signature
1LZ00aJkKWCGimKskx6xQx,Sunshine Boulevard,Purrple Cat,0.396,0.681,0.317,0.228,0.919,0.0405,128.011,-15.699,1,3,152412,4
4dJGPTrLzhEptZ5wwLZ5j3,Beautiful Day,Purrple Cat,0.802,0.665,0.156,0.147,0.873,0.0267,99.994,-18.342,1,0,201912,4
1HP8wO3CwtW9WOrI2Vgob3,Neutral Zone,Purrple Cat,0.758,0.445,0.264,0.259,0.94,0.0312,79.502,-17.128,0,2,161946,3
7iExapVi5F8U3pJ4qn11IE,Better Days,Purrple Cat,0.56,0.708,0.152,0.214,0.912,0.0352,110.007,-14.449,0,9,157659,4
7rAhCB1PiSabycWLJHsNqL,Contact,Purrple Cat,0.922,0.679,0.343,0.097,0.864,0.0324,118.025,-16.443,0,8,156631,4
2VN52BKk8gTZJydaJyrCCs,Sonder,Purrple Cat,0.559,0.625,0.272,0.11,0.899,0.0387,122.012,-17.473,1,0,189252,4
3PAcGgK2LAYiL2Y3Hwov06,Alienated,Purrple Cat,0.917,0.699,0.12,0.14,0.917,0.0338,118.019,-14.361,0,9,181049,4
2tsPnxqQvKsd7TOcQ4ljHM,In Orbit,Purrple Cat,0.567,0.692,0.232,0.106,0.913,0.0324,121.978,-14.693,1,0,140236,4
529bNJ3aGZHXC2Uqc8xKex,Blood Moon,Purrple Cat,0.364,0.578,0.416,0.529,0.898,0.036,171.866,-13.588,0,4,159070,4
0YH5ojFS05ypYsFarVWsrI,Quiet Night,Purrple Cat,0.23,0.286,0.299,0.0463,0.909,0.0317,79.99,-15.666,1,11,242828,4
7G9NI66wRPAuN8d3q5GnvB,Squeaky Computer Chair,Purrple Cat,0.844,0.79,0.592,0.941,0.853,0.0566,131.038,-10.342,1,5,144719,4
3aqaBKDB297B5IwFquNeab,Rainy Streets,Purrple Cat,0.645,0.654,0.303,0.0835,0.93,0.0347,120.01,-16.046,0,0,168510,4
6qpVN1aU5vBcoIJzjL2f6d,Dark Moon,Purrple Cat,0.765,0.627,0.202,0.0613,0.905,0.0316,112.035,-17.703,1,8,175212,4
5zCAVeLfuSo6hLLNGjedht,The Midnight Diner,Purrple Cat,0.568,0.73,0.402,0.0387,0.846,0.0333,127.983,-12.294,0,8,177432,4
0y2GUTM3g3MTrhwU42QUSD,Moving Landscapes,Purrple Cat,0.653,0.644,0.292,0.24,0.873,0.0334,89.974,-11.854,0,6,194674,4
5E7gyUhN6NIXih9gdL3V0V,Fake Mustache,Purrple Cat,0.302,0.741,0.375,0.369,0.935,0.052,89.99,-12.565,1,0,214021,4
5ssIWBFXYqcLjpbu7QrVNW,Adrift,Purrple Cat,0.665,0.581,0.355,0.197,0.902,0.0386,82.009,-15.458,0,7,164322,4
6YMIkEFAWdNf1TQbcT9Qvc,Birdhouse,Purrple Cat,0.341,0.598,0.307,0.211,0.866,0.0453,176.013,-12.097,0,9,156868,4
3ek71S9fe1la5a5fRVZiSP,Green Tea,Purrple Cat,0.755,0.59,0.249,0.381,0.909,0.0304,160.042,-15.049,1,0,197214,3
2eXywmCCfnpWHjPL8eJVFe,Zero Gravity,Purrple Cat,0.732,0.775,0.22,0.185,0.606,0.0843,110.03,-15.631,0,1,124648,4
3FRHbxxm4wfKl6GBp7AaFs,Sky Lake,Purrple Cat,0.882,0.608,0.156,0.223,0.882,0.0318,140.022,-15.704,0,9,158156,4
5SxwoSfOZHxKFkKv3vRz8s,Once in a Lifetime,Purrple Cat,0.626,0.617,0.323,0.177,0.899,0.0335,75.002,-12.653,0,0,160858,4
5je38VMYEGmT8SaYfRWUjN,Falling Star,Purrple Cat,0.91,0.665,0.253,0.147,0.882,0.0336,111.988,-14.972,0,9,197422,4
6PALowjZsZCec8hheFze5g,Hiding in My Room Until Everyone Leaves,Purrple Cat,0.914,0.641,0.177,0.664,0.848,0.0472,80.954,-18.799,0,5,142978,4
7DT4LT416UcdtoPv2L0ria,Bliss,Purrple Cat,0.918,0.627,0.218,0.593,0.784,0.0761,180.032,-18.978,1,7,180340,4
5tztYT15KtcZSLLVsYpxWT,Stars Collide,Purrple Cat,0.382,0.809,0.258,0.157,0.893,0.0335,119.982,-13.227,0,9,148260,3
5hJngxMCkV8ei1qG9vohOL,Mesa's Edge,Purrple Cat,0.906,0.542,0.285,0.103,0.899,0.0269,179.978,-12.066,0,7,182014,3
0yRTRZV9BMSMbd9oMGsH3r,Fluffy,Purrple Cat,0.962,0.744,0.278,0.342,0.919,0.0315,97.977,-15.872,1,5,152161,4
12msLVv1I1bnakCzCuwl9c,Time Loop,Purrple Cat,0.442,0.77,0.197,0.121,0.875,0.0525,120.021,-14.292,0,9,204323,4
65PDsiaZ0ZLHTsdD8AqzvX,Souvenir,Purrple Cat,0.277,0.854,0.296,0.308,0.878,0.0413,115.999,-16.183,0,4,168944,4
1WgTICnaGI9FpK3mfbutrp,Dancing Shadows,Purrple Cat,0.882,0.664,0.219,0.151,0.925,0.0357,109.989,-16.069,1,1,140241,4
6VgzMTyp9f5HCSOmMdwFxJ,Mysterious Lights,Purrple Cat,0.677,0.795,0.161,0.0613,0.927,0.0436,133.999,-13.411,1,8,206203,4
6Unn8ZvFcOMtFUrUHkzAAj,Flourish,Purrple Cat,0.819,0.592,0.33,0.396,0.881,0.0471,169.951,-13.968,1,10,157022,3
3GPn6kcmL3JJurg6aca81s,Frigid,Purrple Cat,0.943,0.732,0.3,0.461,0.815,0.0646,119.936,-15.57,0,7,164469,4
6uQiOFxBOyFeGVfFVXOy9n,Dark Corners,Purrple Cat,0.502,0.773,0.236,0.138,0.935,0.0518,124.008,-14.064,0,9,210010,4
4ud4SB7SM5mXF6vhzib8iQ,Alley Cat,Purrple Cat,0.889,0.801,0.234,0.279,0.913,0.0406,112.08,-15.19,0,2,175993,4
4Ry0On9QsIJ4o9jwuIe0vO,Elevated,Purrple Cat,0.673,0.808,0.379,0.242,0.842,0.0347,111.977,-11.489,1,7,219699,4
7y1L3ScAO8ZoyEoybi2mYu,Up All Night,Purrple Cat,0.687,0.793,0.12,0.282,0.884,0.273,99.985,-12.683,1,0,68406,4
3D2Fbrgc4b16r40zizmL0O,Somnium,Purrple Cat,0.709,0.674,0.224,0.387,0.906,0.0314,105.997,-15.446,1,3,204351,4
0CZEU1huUmS1xcp0ryHtUQ,Tumbleweeds,Purrple Cat,0.706,0.692,0.315,0.148,0.923,0.0375,140.049,-12.854,1,8,140625,4
1wixIS0JFSezVAKVOqKnqD,Bird Bath,Purrple Cat,0.792,0.67,0.253,0.21,0.889,0.0304,119.99,-11.872,0,7,130010,4
0bw4XZ3vPK534xHKh0VnFW,Streetlights,Purrple Cat,0.273,0.796,0.152,0.272,0.913,0.033,126.066,-14.577,0,9,139296,4
23EWXKbvK6FHrJVeIgGGwK,Hot Chocolate,Purrple Cat,0.954,0.814,0.325,0.872,0.807,0.0706,88.039,-12.106,1,0,147976,4
62o49daPlEbWOgtOrtq0Iy,Cosmic Echoes,Purrple Cat,0.801,0.617,0.167,0.0534,0.913,0.0292,119.98,-15.766,0,9,160302,4
2dXSyFQQiPdsJf9l2dkjG4,Siren's Song,Purrple Cat,0.328,0.473,0.37,0.332,0.96,0.0284,136.0,-15.213,0,4,148456,3
1bf0Eb9kfUQm4A30dh1ZjS,Glowing Tides,Purrple Cat,0.763,0.583,0.376,0.247,0.868,0.0349,83.013,-15.4,1,0,208471,4
7GggYhPnRo2gMnHRP3ivI0,Morning Light,Purrple Cat,0.752,0.658,0.201,0.101,0.914,0.0317,160.143,-14.304,1,9,210008,4
7jUdCOACijpTTVw48MqKxo,Rainbow Falls,Purrple Cat,0.934,0.641,0.201,0.158,0.889,0.0574,89.982,-21.164,0,10,157507,4
3UdRe1SRzOAa610ChnEoXU,Cloud Watching,Purrple Cat,0.912,0.742,0.396,0.452,0.672,0.0661,129.98,-12.136,1,5,168466,4
1dKAprA1kOIdjJSDTx5Ae3,Ferris Wheel,Purrple Cat,0.705,0.693,0.198,0.187,0.839,0.0306,90.014,-18.938,1,0,149507,4
2oYZ7t3PK8qM0UonsXQXif,Summer Crush,Purrple Cat,0.838,0.636,0.361,0.246,0.935,0.0322,139.97,-15.305,0,5,140571,3
5HuByoAexruGGIGAH3eoDy,Floating Castle,Bcalm,0.456,0.669,0.201,0.312,0.926,0.0934,144.019,-17.455,0,7,166000,4
6l29buL3HPRKy36vzDuNJp,Cozy Fireplace,Purrple Cat,0.696,0.703,0.222,0.375,0.932,0.159,143.917,-19.885,1,2,112179,3
2cOsCTsxQVay9ht2spMfiv,Serenity Now,Purrple Cat,0.738,0.629,0.254,0.243,0.911,0.0295,137.989,-12.996,0,7,175000,3
1DyF8RJbU0F3MApcUTTuCL,Eye of the Storm,Purrple Cat,0.204,0.681,0.338,0.0665,0.827,0.0455,140.004,-14.989,0,11,140625,4
2QtU48zD6bHiMt4iVjVob9,Lush,Purrple Cat,0.63,0.53,0.339,0.133,0.897,0.033,139.984,-16.569,0,10,137420,4
3cgDgZ31nnsyVAPTbAu8qK,Alien Sky,Purrple Cat,0.952,0.792,0.2,0.258,0.928,0.0366,124.026,-15.945,1,11,186300,3
4hyRAGKZpHA3ttfY0ltUcI,Signs of Life,Purrple Cat,0.769,0.702,0.282,0.12,0.829,0.0337,122.087,-14.836,1,0,149518,4
1TcIqRi8N0Pt3DNiZOyowt,Finding Myself,Purrple Cat,0.869,0.72,0.142,0.272,0.93,0.0325,119.977,-16.18,1,1,152260,4
0tFzjArZ5BRVOQ5fZ7d3xZ,Strange Fog,Purrple Cat,0.897,0.744,0.309,0.0949,0.893,0.0285,110.982,-17.833,1,8,165546,3
5AP8tN42iArkv2l6fUA6Jt,Carousel,Purrple Cat,0.294,0.65,0.501,0.258,0.958,0.0299,133.06,-12.714,0,4,132632,4
1UE8Qm9a2tkPwhE811pSLo,Wonderment,Purrple Cat,0.587,0.703,0.291,0.359,0.767,0.0358,106.027,-14.694,1,5,181722,4
7pSqvZHym4vA10geSitbV0,Seashells,Purrple Cat,0.824,0.632,0.106,0.184,0.943,0.0367,89.962,-16.93,0,9,178847,4
6QsMXYJ1jZIpEhszhXyiKU,Sad Ending,Purrple Cat,0.899,0.691,0.435,0.258,0.916,0.0451,109.982,-12.545,0,11,150551,4
3p5rIHkjKKcs4TsEtgSYjr,Bloom,Purrple Cat,0.927,0.751,0.155,0.0392,0.928,0.0335,119.982,-17.325,1,0,151010,4
1ZcGRZ6wSKuz873a5gNIf3,Tunnels,Purrple Cat,0.769,0.801,0.345,0.0596,0.934,0.0422,127.966,-12.525,0,7,164365,4
3gtm9mn9ALDY18ZZY1c9Cd,Sea Foam,Purrple Cat,0.441,0.6,0.346,0.317,0.854,0.0304,165.044,-15.089,0,4,185523,3
6lQDNyxHrdmlb9bT8TNNMn,Moonwinds,Purrple Cat,0.93,0.536,0.257,0.0477,0.895,0.034,74.996,-13.146,1,8,155258,4
30g6Ucp21XeOCAeLWJoMqY,Spring Showers,Purrple Cat,0.955,0.618,0.111,0.13,0.894,0.0436,119.996,-16.018,1,3,182010,4
76LzDHu5IGve94eRuPvOQo,Puddle Jumping,Purrple Cat,0.743,0.775,0.108,0.582,0.923,0.0429,112.021,-15.153,1,5,188862,4
2UGEA03p9qv98oYqOcFnhf,Sweater Weather,Purrple Cat,0.344,0.739,0.336,0.638,0.835,0.0499,146.049,-12.275,0,9,118536,4
5yGKugFS9ThvZodVf7aqC4,Feelin' Fresh,Purrple Cat,0.698,0.912,0.612,0.72,0.949,0.0823,124.998,-14.707,0,9,149265,4
3I4McSIxEDqCuooecK8n9U,Golden Hour,Purrple Cat,0.454,0.524,0.308,0.253,0.851,0.0295,82.026,-14.82,1,8,194703,4
4cp3iTVFKgh5qdyVFU5IwP,Starlit Beach,Purrple Cat,0.819,0.708,0.217,0.12,0.909,0.0335,130.002,-15.165,1,0,173837,3
59XW55qs3RHAXuwGZvnz6j,Cardboard Box Adventure,Purrple Cat,0.676,0.803,0.242,0.0717,0.932,0.042,114.924,-14.995,0,5,158880,3
5MViK3ZpvqjksJ4tpsjMT0,Hibiscus,Purrple Cat,0.517,0.791,0.341,0.364,0.826,0.0409,132.026,-13.86,1,0,146856,4
5I9s2sYc6N62p6WVhSvKk9,Saturday Morning,Purrple Cat,0.755,0.77,0.348,0.28,0.954,0.0626,110.024,-13.801,0,9,108006,4
0ZRRqJcdRQOMJ6DkrkBaQf,Entering the Dream World,Purrple Cat,0.874,0.704,0.19,0.249,0.811,0.039,88.976,-17.837,1,0,156419,4
6RP8ZbzVIPRW3vzuFL5jTw,Warp Speed,Purrple Cat,0.715,0.765,0.397,0.0385,0.897,0.0335,115.991,-14.388,0,4,157295,4
1fJekfTmgReENkMrbdQlPB,Mirage,Purrple Cat,0.881,0.546,0.362,0.0584,0.911,0.0546,150.094,-12.914,1,0,169050,3
2XCEQrxg8YVsZU4Yy8yjO6,Cold Pizza,Purrple Cat,0.87,0.751,0.141,0.251,0.834,0.0381,120.076,-15.063,0,9,184510,4
4IAVOV1UkqiX8nmMQXSKrN,Rocky Shores,Purrple Cat,0.467,0.691,0.205,0.0393,0.957,0.0339,118.013,-15.299,0,0,137553,4
01O1MdGUQp6tmHxp6zQoHl,Passing Time,Purrple Cat,0.746,0.514,0.349,0.0376,0.911,0.0463,180.067,-13.099,0,5,165569,4
1r3CfwEO1FsWrIlgxDBaUE,Dark Forest,Purrple Cat,0.53,0.83,0.28,0.0991,0.821,0.0382,117.971,-14.306,0,7,134767,4
16aIlaDUm4TuRVjEFgOc0g,Under the Canopy,Purrple Cat,0.538,0.743,0.24,0.0915,0.896,0.0335,121.989,-16.865,1,0,200973,4
4GD6BmUfGdFQe5v5Mf3W6P,Deja Vu,Purrple Cat,0.851,0.681,0.325,0.0853,0.851,0.0269,127.965,-12.435,0,9,212178,4
4Xn59Oh8kD559NLyf5ywC4,Just Relax,Purrple Cat,0.858,0.582,0.331,0.213,0.784,0.0266,99.985,-11.254,1,2,212763,4
1GHSG7ZC73jiB1YLdht9gD,Sometimes I Feel Like I'm Stuck in Limbo,Purrple Cat,0.945,0.709,0.166,0.454,0.923,0.0547,107.996,-18.283,0,9,180017,4
07ETL6nolrhTB4szAe5gjc,Distant Ships,Purrple Cat,0.235,0.724,0.408,0.194,0.9,0.034,122.01,-12.357,1,0,175379,4
5VtS7LGk0TTKBwRtpMmqWM,Box of Kittens,Purrple Cat,0.797,0.376,0.251,0.408,0.886,0.178,169.351,-15.613,1,0,197406,5
0GHAm8ojJN7zAOI7nUzuLr,Balloon,Purrple Cat,0.939,0.508,0.125,0.275,0.858,0.0506,110.08,-14.797,1,3,195284,4
1NfcO3QeZquEzs6pRvSqu0,Earl Grey,Purrple Cat,0.794,0.703,0.214,0.327,0.92,0.0386,120.032,-15.026,1,0,183531,4
2SbLKBpzd6MB6Z2Xzz0kVq,Bird Watching,Purrple Cat,0.855,0.609,0.245,0.145,0.891,0.0339,110.044,-18.857,0,1,163068,4
4nm7BM0Rh2mABKytT5SIxm,"Goodbye, I Hope We Meet Again",Purrple Cat,0.809,0.433,0.138,0.447,0.684,0.386,175.167,-21.037,0,9,201438,4
3Lrypya5Klq6ImlJt55oAp,Undertow,Purrple Cat,0.707,0.676,0.414,0.0766,0.87,0.0388,146.012,-14.461,0,10,204110,4
6l1oWgzjf4amLursy1WIA0,Frolic,Purrple Cat,0.67,0.828,0.489,0.494,0.91,0.0348,130.054,-13.334,1,0,162923,4
6OaHMXpbZxb7fUOrtHNQTz,Out There,Purrple Cat,0.847,0.649,0.286,0.236,0.907,0.0344,130.024,-14.191,0,9,160654,4
300JNbNYXy42i0gaSIawJQ,Wish You Were Here,Purrple Cat,0.73,0.755,0.181,0.11,0.913,0.0594,130.086,-14.284,0,5,166163,4
2nhFwPcTGy5dqSNznD7tzm,Sunken Secrets,Purrple Cat,0.403,0.737,0.226,0.366,0.863,0.0369,123.983,-14.885,0,6,174486,4
2Ruy5Jom7v0FZLAFsUEi1e,Cool Breeze,Purrple Cat,0.625,0.564,0.196,0.107,0.942,0.0331,140.003,-17.24,1,5,140634,4
1BjhtCJu9dUyC0jdVasoAO,Flying,Purrple Cat,0.863,0.672,0.145,0.0712,0.901,0.031,110.011,-11.672,1,0,178943,4
1oCXINQcM3xGMigC0CSJ4Q,Goosebumps,Purrple Cat,0.416,0.651,0.346,0.254,0.918,0.0299,153.053,-12.828,1,8,193529,3
1vWA9GhgzCe2GI7D3ZUTkL,"Melting Snow, Growing Leaves, and the Sound of Spring",kretzschクレツ,0.648,0.677,0.147,0.178,0.895,0.0326,77.024,-14.59,1,0,118872,4
4rfE7mNI2PoUOm5l1hwpgr,Field of Fireflies,Purrple Cat,0.901,0.934,0.204,0.535,0.945,0.0665,112.004,-12.903,1,11,161295,4
34dVhpwvig4qQibDHkytR3,Wanted,Purrple Cat,0.838,0.771,0.321,0.454,0.931,0.0424,126.027,-13.925,1,11,216677,4
5t8erPk9BABy1aCpNcgqVM,Verdant,Purrple Cat,0.55,0.675,0.248,0.118,0.831,0.0334,118.036,-12.859,1,8,199629,4
2nSFO1DRUoxwfbGqtRXj0S,Sandstorm,Purrple Cat,0.505,0.725,0.234,0.366,0.884,0.0476,131.994,-17.006,0,4,142377,4
41IF2s8wuTC4oBXvGnsL7g,Breathtaking,Purrple Cat,0.426,0.575,0.184,0.209,0.93,0.0336,180.124,-15.392,0,9,192174,4
1O6GOfWzFxfpuO35AoNKm4,Desert Rain,Purrple Cat,0.864,0.737,0.28,0.546,0.921,0.0352,114.018,-16.865,1,10,177116,4
4nc89BOzMBcfKQMmCeRdo4,Sunlit Shore,Purrple Cat,0.82,0.575,0.47,0.125,0.715,0.0304,102.069,-12.403,0,7,132923,4
5PooEiLEIHce6SXt3Ry4Et,Stranded,Purrple Cat,0.806,0.727,0.136,0.0696,0.857,0.0463,114.021,-15.448,1,1,216064,4
0Rds5kJwjzqQryIoevLUCt,Take Me With You,Purrple Cat,0.787,0.665,0.221,0.0392,0.914,0.0285,104.004,-15.385,0,10,203666,4
1fZ5ktlwGk7qqDoRhQCOT2,Crossroads,Purrple Cat,0.766,0.622,0.387,0.156,0.836,0.0308,140.062,-12.339,0,2,178527,4
46fhY6emV5NCRQos1hCh7u,Butterfly,Purrple Cat,0.779,0.574,0.424,0.141,0.887,0.0576,149.918,-14.045,1,7,155233,4
0d1riGA1IuQOoXcYrarUzS,The Golden Ratio,Purrple Cat,0.872,0.703,0.376,0.842,0.919,0.0948,170.024,-18.305,1,0,95301,3
1Nr0WM0ltHIQIsquZCwcJV,Brain Fog,Purrple Cat,0.812,0.431,0.117,0.354,0.834,0.0477,99.777,-16.774,0,9,138606,4
2KbDtMI9TJgQ0gV6yT22Vl,The Portal,Purrple Cat,0.798,0.654,0.334,0.284,0.851,0.0271,130.044,-13.053,1,7,173587,4
1uNpb3Bx0jpKdnJYwjoRJS,Silent Wood,Purrple Cat,0.916,0.649,0.151,0.0622,0.95,0.0299,99.997,-16.832,0,9,187650,4
59Du8RvTv7YttvG4Y5a1u7,Pineapple Popsicle,Purrple Cat,0.909,0.746,0.131,0.206,0.901,0.0395,124.025,-14.609,1,5,167913,4
4txAb9M35zhIzoeFoOgTYy,I Can't Breathe,Purrple Cat,0.71,0.357,0.266,0.238,0.894,0.075,83.138,-16.182,0,6,113341,4
5eJGmb3Jkgicdhwjlbc5lq,Beach Club,Purrple Cat,0.445,0.73,0.447,0.887,0.88,0.0715,144.034,-12.617,1,0,134653,4
3m2hqoBh9w9WjVybwxroey,Nightfall,Purrple Cat,0.632,0.631,0.269,0.169,0.836,0.0272,118.017,-13.898,1,10,146748,4
2YFsTZYa7TJu3cc7l2bg0J,Message in a Bottle,Purrple Cat,0.814,0.864,0.243,0.158,0.916,0.0455,103.98,-14.244,1,2,205685,4
6TpDkQsRQaYP5ImxcdzHKl,Palm Tree,Purrple Cat,0.572,0.612,0.275,0.327,0.891,0.0435,90.004,-20.539,1,0,140174,3
6D8pDqfxFnCAR28zUq4nln,Too Tired,Purrple Cat,0.829,0.788,0.195,0.04,0.933,0.0634,111.998,-16.817,1,3,189118,4
4dHhQWhWxCRgh8oyiYFcBo,Empty Food Bowl,Purrple Cat,0.982,0.457,0.0981,0.0802,0.956,0.069,70.18,-23.012,0,9,161332,5
7gVcJuem624yLDtXXAMCOS,Reflection,Purrple Cat,0.817,0.63,0.212,0.0582,0.64,0.035,159.956,-17.003,0,7,191258,4
7iyB9kvN7CZQxp0F95mbII,Thunderous Waves,Purrple Cat,0.483,0.588,0.397,0.268,0.88,0.032,160.001,-13.716,0,4,183857,4
5QNBNVffvTn488qRMrVv7J,Sleeping Cat,Mujo,0.887,0.731,0.112,0.0829,0.943,0.0432,102.046,-17.331,0,9,133899,4
69ENsdRSj6k8t5fJC8E18q,Secret of the Forest,Purrple Cat,0.863,0.678,0.297,0.0814,0.875,0.0361,124.012,-12.429,0,6,190171,4
4NEdYvtOsYp4AMQFYc7Thp,Dark Chocolate,Purrple Cat,0.809,0.795,0.255,0.106,0.747,0.049,120.013,-15.11,1,8,177365,4
3blC2XXdKhMv1npcXIhEUn,Secrets,Purrple Cat,0.657,0.525,0.298,0.309,0.891,0.0319,180.051,-13.899,0,9,168010,3
0BbXuMMj5fvnxryn9iS3Ff,floating to my bedroom,Purrple Cat,0.935,0.58,0.35,0.118,0.796,0.037,80.031,-16.239,1,8,123086,4
7iJcVQEVtOYt2KndCw1vzS,Please Hold Me,Purrple Cat,0.43,0.643,0.195,0.124,0.577,0.0386,114.012,-15.521,0,11,272643,4
0FDGRCbDZRTGmbrEE30ojn,Bubble Wand,Purrple Cat,0.0406,0.785,0.377,0.492,0.708,0.0367,119.997,-14.07,1,5,200562,4
41LO8apLn3wP2iYXuVAgXx,Crystalline,Purrple Cat,0.774,0.616,0.298,0.177,0.937,0.0326,130.006,-15.502,0,9,146144,4
3rWaleO6uxopdvCSmgq62b,Satellite,Purrple Cat,0.48,0.644,0.422,0.174,0.883,0.0405,80.989,-11.897,0,10,169699,4
7vIuFIgybZUZOFf4Ele5XJ,Otherworldly,Purrple Cat,0.237,0.524,0.302,0.13,0.752,0.0284,150.084,-10.845,0,7,224267,4
2O9SIMvF7sVkDEOF0A6DGZ,Late Night Latte,Purrple Cat,0.815,0.6,0.229,0.0984,0.771,0.0344,119.945,-14.376,1,2,193240,4
28hy7195dGRFWJH9ktrj8y,Sigh,Purrple Cat,0.801,0.484,0.309,0.322,0.469,0.215,69.572,-14.707,1,0,165581,4
5GX8VFY0GfEbBBN3GccFLc,Remembering Something I Forgot,Purrple Cat,0.653,0.709,0.205,0.673,0.908,0.0481,119.979,-13.889,1,0,75938,3
5iVgxyv8FiRuw1Irnu9Ff9,Black Cherry,Purrple Cat,0.876,0.8,0.11,0.218,0.853,0.0662,120.023,-17.176,0,9,184510,4
1piGtCuA75ocZ4zevFFmsB,"Come One, Come All",Purrple Cat,0.36,0.673,0.408,0.235,0.843,0.0253,94.509,-13.079,1,8,152619,3
5ijcF0TidwVUw86gSI3aHd,Lost at Sea,Purrple Cat,0.849,0.442,0.434,0.0887,0.869,0.0328,177.095,-13.923,1,2,160222,3
7egD9ZC4Z9sUiN9IrTflbk,Day's End,Purrple Cat,0.755,0.698,0.29,0.365,0.948,0.0601,60.003,-11.978,1,8,165010,4
3HI64FaJeMHUvEyA7frI2w,Maelstrom,Purrple Cat,0.756,0.652,0.368,0.367,0.902,0.0338,117.999,-16.184,0,4,171165,4
1FLrGio1L49KBygUphpvYy,Sugar Coat,Purrple Cat,0.868,0.622,0.241,0.235,0.84,0.0325,120.031,-18.57,1,7,179625,4
7ALFqmiv33tWlTYHgS5gOV,Stasis,Purrple Cat,0.83,0.561,0.24,0.049,0.927,0.0274,89.991,-17.053,0,9,148719,4
4Pkx0joa9yABp1jRpKiZ3Q,Mysterious Passenger,Purrple Cat,0.493,0.739,0.295,0.0438,0.933,0.042,137.976,-15.071,0,9,135054,4
7Kc0Wjnsf0k3u8cckjE0hI,End of the Line,Purrple Cat,0.315,0.763,0.36,0.19,0.76,0.0353,120.0,-13.733,0,0,213922,3
1DYpAKoMeCFVFq4VpV8yyf,Sea of Stars,Purrple Cat,0.884,0.562,0.209,0.0878,0.86,0.0274,131.984,-15.217,1,0,141174,4
5k0RJdOF530EWIugBuhmer,Lost Paradise,Purrple Cat,0.952,0.789,0.259,0.635,0.932,0.0438,146.022,-12.555,0,9,120009,4
6qTazJj6hItf24osZ6QqAK,Low Tide,Purrple Cat,0.676,0.7,0.198,0.176,0.874,0.0323,108.018,-18.527,0,9,175567,4
617YpU3tE30XqMgytwaqtA,Constellations,Purrple Cat,0.925,0.436,0.158,0.0646,0.916,0.0296,170.051,-19.519,0,0,164890,4
5JK3lDAK4Pj0YMBaqwDMuf,Supernova,Purrple Cat,0.813,0.681,0.221,0.115,0.892,0.0415,120.016,-15.664,1,8,160021,4
0KS8Tgzv2OZ9ZXg0jh6A3t,Phantom Waltz,Purrple Cat,0.0775,0.645,0.3,0.173,0.881,0.0397,118.977,-14.213,0,9,178740,3
5yjCgfoFcgSA2QVnPbD3LE,Lazy Afternoon,Purrple Cat,0.822,0.588,0.265,0.0399,0.922,0.0284,79.996,-16.132,1,0,120203,4
3uORbr2TU7N8OPkwtvQbll,Ebb and Flow,Purrple Cat,0.366,0.676,0.334,0.387,0.897,0.0329,140.055,-14.014,0,0,143196,4
1rylrEodrFf1HEcsB1NceV,Ball of Yarn,Purrple Cat,0.923,0.77,0.397,0.205,0.925,0.0808,80.055,-13.588,1,0,148680,3
357ZT5TfzIpJzZfKFEbz0o,Daydreams,Purrple Cat,0.543,0.712,0.256,0.296,0.896,0.0368,116.012,-16.232,1,0,202328,4
0BUsa0n8DmUxJn7flVnvL8,Cat Nip Daze,Purrple Cat,0.89,0.785,0.348,0.749,0.912,0.0656,134.985,-15.361,0,4,148255,4
0xnqC77vIxbidlB5BsG7Ca,Tabula Rasa,Purrple Cat,0.713,0.696,0.262,0.122,0.897,0.039,100.016,-14.257,1,0,192312,4
7ptVDm5qOiU96cxJPEhBQd,Cosmic Web,Purrple Cat,0.846,0.664,0.198,0.189,0.956,0.0448,150.133,-14.799,0,11,208808,1
5oZBSOg4nSCjT7CbYYtA3V,Heart of the Ocean,Purrple Cat,0.603,0.734,0.205,0.0591,0.854,0.0328,126.032,-16.14,0,4,175486,4
216ruuzu2ULb2fTWBzGtU0,Serendipity,Purrple Cat,0.881,0.602,0.311,0.173,0.876,0.0315,139.951,-16.478,1,8,168438,4
13TatPhVVge96X9j7EpipT,Lost Souls,Purrple Cat,0.335,0.728,0.412,0.273,0.901,0.0455,140.048,-11.811,0,4,153429,4
4y0EG79e59EungEu8BtSNS,Bookworm,Purrple Cat,0.913,0.613,0.375,0.27,0.855,0.0343,84.992,-15.919,1,3,193434,4
29YvA1wjc92GlIWOWCcfwM,There Was Nothing I Could Do,Purrple Cat,0.707,0.667,0.517,0.559,0.877,0.0321,119.986,-14.881,1,0,131596,4
4bs82CcIjaICCOqZ5yWWGY,Step Right Up,Purrple Cat,0.0615,0.743,0.542,0.41,0.887,0.0324,100.025,-10.107,0,11,159000,4
0HO5rciBtj6w87pplAfrh0,Timeless,Purrple Cat,0.913,0.701,0.268,0.228,0.886,0.0285,100.029,-13.627,1,1,189181,3
0ThWN9sKnat0kpY94YBPNS,Oddity,Purrple Cat,0.646,0.702,0.331,0.51,0.894,0.0337,126.007,-15.958,0,5,150774,4
1c4xmuIeHeA7PTy1dgdaEa,Another Dimension,Purrple Cat,0.555,0.772,0.335,0.553,0.94,0.0539,129.945,-13.831,1,7,119101,4
1MKe7Z8NJe6nKfKFMKTJMK,Tiny Ballerina,Purrple Cat,0.812,0.66,0.345,0.163,0.919,0.0654,155.964,-14.001,1,6,177700,4
31DdKvbyu5rJavWqqgJwdp,Through the Trees,Purrple Cat,0.928,0.725,0.111,0.0754,0.921,0.0542,99.992,-15.759,1,8,192312,4
2UWvAebbFizK4MSUpK1w4D,Emerald Falls,Purrple Cat,0.619,0.71,0.289,0.102,0.892,0.0345,110.016,-16.808,0,9,155239,4
6SdJngsTV1edhm35Ibaebq,Cave of Solace,Purrple Cat,0.434,0.638,0.405,0.521,0.886,0.0384,160.004,-13.126,0,7,180031,4
1ByJgfeY9GYlZFVmQv8GPf,Bubbles,Purrple Cat,0.794,0.629,0.385,0.416,0.956,0.0292,84.027,-12.881,1,0,171615,4
5bqVrg2eHIEbFpR8P2BJZz,Echoes of Yesterday,Purrple Cat,0.654,0.635,0.253,0.427,0.908,0.0411,126.0,-17.856,1,2,152669,4
2707TP51WOMvxEzH5N9EOk,Within,Purrple Cat,0.559,0.653,0.307,0.183,0.898,0.0322,100.472,-16.671,0,7,176875,3
3QcKpTxYTIPkUhCaWJZnVP,Kugelblitz,Purrple Cat,0.843,0.671,0.329,0.114,0.889,0.046,116.01,-16.798,0,0,165539,4
3tDr1GVYd2Ts3Gws2oLd3R,Questioning the Universe,Purrple Cat,0.039,0.725,0.234,0.714,0.435,0.0481,87.001,-16.027,1,5,178082,4
3AMtRzvGGmgjAU4nwGzkr4,Exhale,Purrple Cat,0.64,0.705,0.34,0.514,0.855,0.0296,130.067,-13.225,0,9,175721,4
7nK5K5zhNi9LlfHGqCOcNC,A Short Walk With You,Purrple Cat,0.329,0.696,0.424,0.264,0.957,0.0372,115.964,-11.74,1,0,91196,4
4wkgJ1CS9cWVqHkun5pMVH,Visions,Purrple Cat,0.747,0.73,0.262,0.232,0.836,0.0376,120.041,-13.946,0,9,161510,4
3SJ63JD5ZZRnduNNnAFfcz,Double Rainbow,Purrple Cat,0.243,0.61,0.36,0.0681,0.872,0.0329,132.067,-15.614,0,9,150919,4
2WZNaHfCEQqgYUf06VkXpv,Carving Canyons,Purrple Cat,0.333,0.695,0.315,0.32,0.856,0.0347,122.008,-15.282,1,2,155687,4
4l1J3AuaTK1wYwkvzZceYX,Lullaby,Purrple Cat,0.951,0.568,0.13,0.58,0.943,0.0302,130.104,-22.124,1,8,156221,3
5cTZOON9EFqF28nCuq7klU,Road Trip,Purrple Cat,0.838,0.702,0.184,0.178,0.841,0.0585,99.979,-14.761,0,9,117956,4
0g8zqzDHDE7aWrWgKcBdVl,Shelter,Purrple Cat,0.54,0.74,0.359,0.303,0.918,0.0345,119.99,-14.159,1,8,154229,4
3rR8vhDXfmSWrvEkEJtJtR,Forget-Me-Not,Purrple Cat,0.82,0.747,0.44,0.111,0.886,0.0393,120.154,-12.256,1,2,160510,3
1jbyJH1TY2Bt1zu2dY10lv,Long Day,Purrple Cat,0.784,0.709,0.124,0.465,0.879,0.0459,94.982,-21.884,1,4,185855,4
54fAiMsRP3JC8nmVBfAXvH,Reverie,Purrple Cat,0.525,0.537,0.334,0.0791,0.907,0.0337,180.019,-16.989,0,10,130681,1
6SpbYqOKxgTt63in066e4a,Exoplanet,Purrple Cat,0.744,0.692,0.143,0.059,0.868,0.0475,126.004,-13.542,0,4,145050,4
5UnqQSAVOCGKFra01giJ7b,Shipwreck Cove,Purrple Cat,0.703,0.643,0.176,0.125,0.892,0.0314,106.015,-19.852,0,1,165012,4
4tUpudBGo90zCYPNCzlpec,Space Pirates,Purrple Cat,0.721,0.428,0.321,0.129,0.807,0.0328,127.524,-13.897,0,7,140522,3
6AgyTXNwwpA90A3Ugxl9FM,It's Going to Be a Good Day,Purrple Cat,0.899,0.77,0.289,0.284,0.858,0.0757,119.995,-14.136,0,9,137505,4
5XQzy6jDqjd8mmtgr9X8zb,Underwater Cavern,Purrple Cat,0.803,0.594,0.139,0.0679,0.908,0.0272,81.987,-18.422,1,0,199771,4
35LGDpSggjBMwMwhXnGait,Wildflowers,Purrple Cat,0.607,0.639,0.29,0.107,0.873,0.0292,104.997,-17.704,0,9,133970,3
1ZHugQPOYVYZbfNXrZ27Qc,Happy,Purrple Cat,0.638,0.518,0.65,0.567,0.863,0.028,89.995,-9.348,1,9,150028,4
4AsdcIOi5Qnmsh57M9l3yi,Star Bright,Purrple Cat,0.32,0.815,0.257,0.599,0.814,0.0434,130.019,-14.254,1,11,149554,5
6BM4uzAzT6hoRZiUuDQiMr,Indigo Dreams,Purrple Cat,0.56,0.682,0.369,0.288,0.945,0.0341,110.034,-17.069,1,0,179466,4
5zx3xECrMwBhZuiFYlsycv,Ghost Town,Purrple Cat,0.663,0.835,0.21,0.379,0.882,0.0497,126.019,-14.004,0,9,188695,3
7BuHGYghASIz8WOfopDkfY,Opening the Window for Some Fresh Air,Purrple Cat,0.896,0.681,0.282,0.37,0.354,0.0534,97.992,-16.838,1,0,100338,4
18Nhts2XUieHI7Zqs5JaS5,Exploration,Purrple Cat,0.806,0.592,0.185,0.21,0.911,0.0285,97.548,-15.728,0,9,130163,3
65rnbH4n89iPaqNfGnMdFh,Rooftop Rendezvous,Purrple Cat,0.672,0.697,0.198,0.22,0.867,0.0336,119.993,-16.879,0,4,184260,4
3lPTtT3C4eeD9q7eiVZpj3,Treat Time,Purrple Cat,0.875,0.819,0.301,0.606,0.863,0.122,153.98,-10.908,1,0,128157,4
0yG21K3wEL2H3YLaDb3d3M,Reading During a Thunder Storm,Purrple Cat,0.901,0.634,0.36,0.122,0.901,0.042,119.932,-15.504,0,1,164442,4
5dh5byEvJ80sP6ZKIBgAyE,Running Late,Purrple Cat,0.392,0.643,0.404,0.218,0.879,0.0409,126.026,-13.99,0,9,155060,4
1kXj3w83skdTTxvj1RgeMB,Nocturne,Purrple Cat,0.637,0.6,0.24,0.33,0.844,0.0352,75.031,-16.752,0,9,182808,4
5f4LJ22FvM63eZ5abZ3FRe,Cloud 9,Purrple Cat,0.589,0.8,0.363,0.151,0.91,0.0472,129.981,-15.482,0,1,166625,4
0wFLn7pknxixuLLXyY3Oae,Tracks to Nowhere,Purrple Cat,0.707,0.44,0.337,0.0709,0.915,0.0342,180.03,-12.667,1,5,165354,4
1dJK9L7f6uvLo8qNKiefkL,Changes,Purrple Cat,0.734,0.574,0.443,0.117,0.852,0.0288,156.021,-12.778,0,10,195585,4
33dMN5f5LP0IxZJJJsNnH4,Dissipate,Purrple Cat,0.477,0.613,0.225,0.107,0.933,0.0325,115.987,-17.056,1,8,128599,4
5nnrRQRKXJydQLRbqgXlOY,Looking Up,Purrple Cat,0.785,0.587,0.219,0.297,0.914,0.0272,97.493,-17.753,1,0,162750,3
0Lt7pt6kzJK9cidEZLlp3B,Dream Machine,Purrple Cat,0.777,0.584,0.143,0.0712,0.907,0.0307,134.015,-14.903,1,5,147332,4
2wfe6bab4sXToLK2C61wG3,Muse,Purrple Cat,0.788,0.75,0.257,0.0855,0.87,0.0366,116.015,-16.015,0,0,184407,4
6fcA6Nz0Y52PnnaxO67RYg,Impact,Purrple Cat,0.628,0.717,0.314,0.183,0.863,0.0326,126.036,-14.698,1,7,145079,4
2Wz7s4QdIrE1uZU9CKpVBB,Wishes,Purrple Cat,0.545,0.649,0.198,0.459,0.853,0.0361,130.042,-14.539,1,3,195971,4
5SYsdIyfNfpOUcxrBuly8Q,This Feeling,Purrple Cat,0.422,0.785,0.394,0.37,0.873,0.0546,119.841,-15.846,0,9,166005,4
4eeCZlYrjUzySykBusineE,Starseed,Purrple Cat,0.873,0.643,0.154,0.0881,0.937,0.0295,115.029,-16.327,0,0,211489,3
4CbAvhRbdt2up0YZzTpbbG,Gentle Breeze,Purrple Cat,0.642,0.671,0.105,0.193,0.904,0.0328,90.009,-16.341,1,10,196674,4
5jzl92bIPo6ZFOUYDO12iC,Infinite,Purrple Cat,0.724,0.459,0.207,0.0715,0.912,0.0306,180.301,-14.129,0,1,195344,4
4T3i2PKPiBkNvPCgSKKdeL,Festival of Lights,Purrple Cat,0.509,0.541,0.394,0.0595,0.86,0.0291,148.135,-11.246,1,5,195439,4
1Lkarwy67yO3wBnJRuRzeV,Embrace,Purrple Cat,0.773,0.734,0.159,0.225,0.855,0.0417,118.022,-16.13,1,8,147433,4
7vmIYdLi2iVATL1ZvxM1Vc,UFO,Purrple Cat,0.341,0.673,0.409,0.584,0.822,0.0335,148.01,-13.651,0,9,188370,4
53nxoZXjM9ZNjKiBnb4ed0,Warm Horizon,Purrple Cat,0.773,0.797,0.294,0.392,0.891,0.0313,110.006,-12.292,0,0,175136,4
23R4jJasZ52idItLcMDH9C,Wispy Whiskers,Purrple Cat,0.865,0.729,0.335,0.193,0.868,0.0343,139.989,-13.426,1,5,150866,3
40FzIFUyPeZF6t63JabugX,Luminous,Purrple Cat,0.579,0.494,0.228,0.202,0.877,0.0275,88.495,-16.501,0,2,151557,3
1KUV8wltyekoGOpQzZYldh,Calm Waters,Purrple Cat,0.946,0.707,0.149,0.477,0.918,0.27,89.992,-15.842,1,7,129340,3
4YQn1SE88SpbIWOHBbrHFi,Through the Wormhole,Purrple Cat,0.862,0.555,0.171,0.049,0.926,0.0293,80.035,-18.625,1,1,126344,5
75dfsVbmQJ7GStI21kMCyk,On the Brink,Purrple Cat,0.465,0.676,0.494,0.185,0.853,0.0324,133.019,-13.481,0,5,161560,3
289O3yfkVC0vsXMz1yJYUH,Message From Home,Purrple Cat,0.819,0.697,0.282,0.0803,0.925,0.0282,130.001,-13.836,1,1,199673,4
1lL8pvstxPQzTMCOy7RIVP,Whispers in the Dark,Purrple Cat,0.936,0.291,0.197,0.328,0.796,0.0429,81.897,-20.658,1,8,174433,4
1XQ5IVFtjYd6bEdOFNJ7t5,Peace,Purrple Cat,0.669,0.46,0.102,0.0994,0.904,0.0354,109.953,-17.394,1,5,245466,4
7ibeGKsqx6lGdb7fxBrenB,Eerie Glow,Purrple Cat,0.539,0.627,0.432,0.315,0.892,0.0317,155.99,-13.407,0,8,148317,3
3Azz07skJNIAP3kDqZTSRG,Downpour,Purrple Cat,0.651,0.641,0.49,0.324,0.847,0.0454,147.984,-11.901,0,9,157103,4
2WJQNokWenFEAgcxDFgNqC,Fallen,Purrple Cat,0.459,0.789,0.264,0.118,0.877,0.0341,116.011,-16.634,1,0,198933,4
4Z5yQuZPf2AWodHLC0NLsj,Ice Skating,Purrple Cat,0.955,0.754,0.264,0.283,0.948,0.0317,85.992,-18.495,1,4,146526,4
61fwDkluUT2PuW7EgVh0FA,Disassociate,Purrple Cat,0.913,0.538,0.209,0.417,0.943,0.0403,82.988,-16.294,0,4,179285,4
0xdetMqAHwQwNg0MKgyYjx,Look on the Bright Side,Purrple Cat,0.811,0.768,0.359,0.694,0.915,0.0617,119.923,-11.085,1,7,162979,4
6KlvlbJteYXYVTwCIs4WA5,Walking to the Park at 3 A.M.,Purrple Cat,0.912,0.586,0.218,0.152,0.0884,0.0483,99.928,-17.082,1,0,201619,4
7lmDgW4HShEc16uffjJoaX,Swimming With Whales,Purrple Cat,0.839,0.651,0.385,0.536,0.912,0.0333,100.0,-12.784,1,0,200419,4
1T2Vv60lodjhHcHBUhtbDS,Artifact,Purrple Cat,0.689,0.662,0.367,0.0905,0.777,0.0311,129.954,-12.999,0,8,159010,4
7oEx5R5xAJP4tGi1cCtnro,Drifting,Purrple Cat,0.719,0.648,0.0983,0.0694,0.873,0.0438,92.021,-19.887,0,4,159470,4
11maJRlKnY4QcPcG2AQhxL,Going With the Flow,Purrple Cat,0.24,0.744,0.278,0.446,0.831,0.0612,82.01,-13.314,1,0,199215,4
454QvVhjjtMpJPDQyTwbYF,Desolate,Purrple Cat,0.79,0.663,0.272,0.19,0.9,0.0304,112.51,-15.108,0,9,133642,3
35rINSbvzmVWHiM1GRRwTH,Sundae Sunset,Purrple Cat,0.783,0.69,0.249,0.167,0.586,0.0438,129.954,-15.245,1,2,138702,3
6ShFgQ4pXZ8fEPKOppbHiN,Unknown,Purrple Cat,0.821,0.644,0.162,0.107,0.925,0.0393,90.009,-16.932,1,2,196021,4
4YUBm15FETlDJjQJjpKXpj,Zenith,Purrple Cat,0.763,0.724,0.242,0.384,0.858,0.0381,120.039,-16.752,0,9,163031,4
6X9baino4S1CJI6y7hxy0M,Riding My Bike to the End of the World,Purrple Cat,0.327,0.666,0.356,0.812,0.947,0.133,84.958,-13.631,1,0,113316,4
2CAbh6LZjlEdn1hiM3yOxC,After Hours,Purrple Cat,0.785,0.613,0.26,0.248,0.853,0.0322,129.943,-13.102,0,9,184894,4
6flrtAUgqzwJ2i8kyYIhKp,Lost Treasure,Purrple Cat,0.587,0.765,0.206,0.244,0.913,0.0338,110.027,-14.666,1,8,174830,4
17r8Es5Ep8WPXWI5bTe5nU,Lighthouse,Purrple Cat,0.63,0.605,0.445,0.544,0.906,0.0287,126.061,-16.474,1,3,145308,4
18yTLVCtBq8EvPVX0D4WPK,Dancing Dandelions,Purrple Cat,0.909,0.732,0.253,0.167,0.944,0.034,118.019,-11.051,1,2,135773,4
4HvV0ub2kCFfxAlN1JH37O,I'm Lost but That's Ok,Purrple Cat,0.152,0.812,0.36,0.475,0.439,0.0617,140.135,-15.502,1,0,158576,4
1LZlgYQQUUvnwmhZ6Hbgkm,Remembering All the Good Times,Purrple Cat,0.888,0.692,0.202,0.397,0.876,0.0389,119.999,-12.692,0,9,194490,4
5K1rjUqWKpsURGj1lOIYc6,Turbulence,Purrple Cat,0.964,0.631,0.185,0.0618,0.894,0.0372,110.003,-17.478,0,11,201284,4
3KMDr21JWjgNfHbdBMPez5,It Was Just a Dream,Purrple Cat,0.741,0.7,0.169,0.24,0.853,0.0569,120.003,-11.246,0,9,148021,4
4u1W8cBEtiNeprE5ZhwuLr,Discovery,Purrple Cat,0.818,0.699,0.187,0.239,0.923,0.0384,130.014,-16.697,1,2,144019,4
00lBrEP57yd2k5YNzUzDQz,Learning to Love Myself,Purrple Cat,0.113,0.687,0.412,0.16,0.804,0.035,140.054,-14.276,1,5,233277,4
6qC4brk4OHwBLFq1w3CywD,Kaleidoscope,Purrple Cat,0.716,0.566,0.266,0.191,0.914,0.0342,133.983,-16.487,0,9,161427,4
1MawREGcEZu16I3FScFIpS,Somewhere New,Purrple Cat,0.389,0.76,0.366,0.413,0.835,0.0303,140.015,-14.279,0,2,123866,4
0lW7UUVA0f529kZM3P5Hww,What Lies Beyond,Purrple Cat,0.382,0.646,0.39,0.178,0.861,0.0295,154.018,-14.153,1,2,187273,3
4psoN4kapTx0cq5EPUjjL8,Snow Angels,Purrple Cat,0.954,0.676,0.283,0.312,0.912,0.0271,142.01,-16.075,1,8,222469,3
54euRRLssO5Ic9EJRqi1Fz,Can't Sleep,Purrple Cat,0.832,0.64,0.154,0.0882,0.84,0.03,99.969,-16.793,0,7,172817,3
2W67RSzFN3mBpkc87qCstl,Storm Clouds,Purrple Cat,0.697,0.824,0.134,0.143,0.887,0.0438,100.006,-15.419,0,9,156312,4
423VqmjvQalPI1LAmNWpEr,Freezing Winds,Purrple Cat,0.86,0.647,0.4,0.248,0.894,0.0529,148.007,-14.712,0,2,159738,4
3FFVUBY4nc5qpAwcwZQJrO,Taking a Bath and Jumping Into Bed,Purrple Cat,0.859,0.609,0.28,0.637,0.468,0.0978,78.969,-18.049,1,5,153054,4
0kXlL14dRAMulaI1SOapFG,Wishing Well,Purrple Cat,0.963,0.704,0.189,0.303,0.886,0.135,123.993,-18.743,1,1,116571,3
3BLmkwp4GmUmW1zgcNZ5yK,Out of the Blue,Purrple Cat,0.314,0.641,0.239,0.066,0.871,0.0262,89.991,-13.689,1,0,197549,4
28cXE0VifdhEXyyvMaJpsI,Wanderlust,Purrple Cat,0.771,0.722,0.246,0.475,0.892,0.0384,120.003,-14.918,1,5,184312,4
2EA1Xvdp2k5F2EZesjEe3x,Caramellow,Purrple Cat,0.898,0.675,0.176,0.0521,0.93,0.0332,134.001,-16.129,0,4,146875,4
6lOOt4CQWqj8qVNLx2kgFm,Cat Nap,Purrple Cat,0.749,0.583,0.298,0.287,0.926,0.029,80.004,-15.123,1,5,193617,1
5eQZmZQyW8iqe1SJ8rljQF,Torn,Purrple Cat,0.844,0.679,0.286,0.186,0.873,0.0284,107.995,-13.88,0,7,209225,4
3hYFFTYwI6roS3wmIQs9pi,Getting a Haircut,Purrple Cat,0.791,0.562,0.27,0.685,0.734,0.143,73.038,-16.062,1,8,210437,4
3utaBd0Q6FyWGILUiTC6jQ,Forgotten Places,Purrple Cat,0.804,0.54,0.257,0.324,0.946,0.039,176.004,-17.647,1,8,158402,4
7cQhr93SLIszYVcWIvgePU,Waiting for the Sun,Purrple Cat,0.372,0.776,0.176,0.127,0.906,0.0684,108.009,-13.69,1,8,190289,4
5VsW2eeJqbieiNnlLjDMko,Ghost Planet,Purrple Cat,0.793,0.803,0.263,0.161,0.923,0.0349,116.023,-15.742,1,6,189321,4
00Sm4Pd7sArS90vvn5ClLB,Rift in Time,Purrple Cat,0.921,0.616,0.21,0.291,0.884,0.0288,90.016,-14.429,1,4,216215,4
5Jf5aI4InprAUF7to7SP7U,I Miss You,Purrple Cat,0.82,0.649,0.257,0.0827,0.791,0.131,95.948,-17.048,1,5,146413,4
46h4RDZ9UOcMttgzvjNKa9,Fragments,Purrple Cat,0.328,0.643,0.275,0.169,0.924,0.0307,127.996,-16.862,0,5,152637,4
7dzWtFrUqIybvN10GynaE9,Leviathan,Purrple Cat,0.374,0.628,0.333,0.184,0.888,0.028,79.994,-14.033,0,2,195758,4
0M1Y24eVp2d5arwL2mXZtR,Aether,Purrple Cat,0.666,0.651,0.253,0.33,0.946,0.027,94.98,-14.448,0,11,140467,4
0E4InYTesF81FN1RpfipQZ,Lunar Eclipse,Purrple Cat,0.892,0.626,0.167,0.0881,0.914,0.028,100.037,-15.74,1,0,192306,4
7kqa3QhFViTHOrNWvDThgz,Planetary Alignment,Purrple Cat,0.662,0.628,0.381,0.415,0.871,0.0255,159.056,-12.192,0,2,181486,3
6em8KpIS9TmhfRvnZKeZfP,Time to Think,Purrple Cat,0.36,0.782,0.231,0.0689,0.916,0.0396,109.977,-17.053,0,2,179469,4
3O5TkQ8MfPAVFjZXtYo9J3,Epiphany,Purrple Cat,0.698,0.725,0.299,0.224,0.876,0.0376,116.025,-19.005,1,0,129375,4
5pli5ZImV2LblRG88tho5r,Night Owls,Purrple Cat,0.886,0.701,0.213,0.0369,0.945,0.0346,112.02,-13.704,0,9,160513,4
5SOjhZjR33Ir0OjetxP16O,Missing You,Purrple Cat,0.747,0.822,0.266,0.0767,0.935,0.0554,120.015,-12.643,1,8,227510,4
5L7gGlHosF7EsXhPJk9I8W,The Last Day I Saw You,Purrple Cat,0.0657,0.72,0.697,0.414,0.915,0.0395,124.968,-14.696,1,5,176645,4
1Go3vDiMMygjx2MwmskCUL,Wild Strawberry,Purrple Cat,0.919,0.635,0.197,0.0634,0.922,0.0449,119.996,-13.473,0,6,160531,4
2UoHDFeoFo4SD8bUWpRjgX,Labyrinth,Purrple Cat,0.183,0.7,0.317,0.344,0.879,0.0316,122.0,-13.784,0,11,243002,4
6fhxFW1p9hEfAUEYnEEM5T,Now or Never,Purrple Cat,0.0601,0.676,0.495,0.23,0.943,0.0322,122.01,-12.92,0,9,196742,4
3kr8HrESGNdZQUTz7g8wAB,Turtle Sandbox,Purrple Cat,0.922,0.648,0.219,0.389,0.942,0.0612,106.649,-17.554,1,7,163769,4
3dXsjsn7W4uWVESYFSIrox,Where the Waves Take Us,Purrple Cat,0.711,0.647,0.173,0.0505,0.887,0.0306,89.992,-16.016,1,3,197340,4
0zCFH1phJrfsIJA6NBv3Y0,Trying Something New,Purrple Cat,0.789,0.664,0.54,0.364,0.939,0.0273,108.002,-12.367,1,0,170006,3
42CGpayZ2OL6vNNhM6VDrJ,Pelagic Journey,Purrple Cat,0.706,0.732,0.517,0.0634,0.742,0.0522,99.993,-10.911,1,9,160446,4
6VzS7oalggNsu5BLehYqte,Solitude,Purrple Cat,0.887,0.687,0.0524,0.382,0.924,0.0333,130.005,-19.543,0,9,149779,4
0ujT4K7PNyhlFjcAtYib4n,Cold & Rainy,Purrple Cat,0.794,0.507,0.41,0.0712,0.891,0.0401,180.094,-15.72,0,9,163340,3
7JtKDBS4maj80mW1HuFssc,Meteorites,Purrple Cat,0.878,0.695,0.323,0.0922,0.911,0.0328,125.981,-13.725,1,8,183155,4
5vBC77apXnr9tdXGFezf5y,Manifestations of the Heart,Purrple Cat,0.938,0.318,0.271,0.222,0.925,0.117,160.048,-17.079,1,0,171758,4
6BWZoXGJ0L7wrsFsJ3ZH0q,Lost and Found,Purrple Cat,0.577,0.661,0.175,0.115,0.905,0.0357,134.07,-18.515,0,1,158778,4
5TRhqzfZqcZynYbf3AzIRo,Lurking in the Shadows,Purrple Cat,0.245,0.705,0.343,0.0391,0.828,0.0305,118.035,-12.593,0,0,215593,4
3wONqvluxufHxeARXBuxEE,Chugging Along,Purrple Cat,0.453,0.528,0.402,0.307,0.862,0.0447,84.034,-14.843,0,10,140060,4
1LSoE2rOVMehBQx9b298aJ,Stale Cookies Still Taste Pretty Good,Purrple Cat,0.707,0.612,0.148,0.63,0.889,0.213,167.944,-19.085,1,0,186897,4
1w7IfXgbG5nBHhoI1bGaGM,Wait What,Purrple Cat,0.426,0.768,0.253,0.402,0.899,0.0617,89.965,-13.493,0,6,166674,4
3PulDDVrZjFbJxoDeLcHlJ,Anomaly,Purrple Cat,0.71,0.585,0.241,0.0673,0.92,0.0279,105.993,-18.841,0,11,185979,4
0wVnSj13wgaw5odseimo6e,Equinox,Purrple Cat,0.504,0.584,0.2,0.0374,0.917,0.034,129.933,-15.871,1,1,139558,4
08EWt9bN3OHAB6JiTAxNBa,Loading Screen,Purrple Cat,0.886,0.523,0.336,0.238,0.972,0.0584,110.014,-12.669,1,5,165157,3
2p8GnlYnmAZ9sT5XAZQPNW,Flickering Light in the Dark,Purrple Cat,0.783,0.72,0.4,0.145,0.897,0.0643,111.042,-14.489,1,0,142297,4
6y0lKMH2SXLe8ZHSLHQzpB,S'mores,Purrple Cat,0.964,0.593,0.118,0.0575,0.919,0.0321,100.012,-22.462,1,9,194556,4
7IfpAPlRlICRO4N4yyzwVK,Coffee Jelly,Purrple Cat,0.468,0.787,0.386,0.708,0.934,0.048,135.067,-11.92,1,2,128896,3
5O9T8MfpYH9jdwyP1KfAOf,Around The Campfire,Purrple Cat,0.682,0.772,0.261,0.168,0.91,0.0435,111.995,-17.741,1,7,219129,4
6Etu5izjHYfkcvJqbKFe7m,Vibin',Purrple Cat,0.34,0.779,0.268,0.774,0.856,0.0449,120.03,-14.49,0,11,112052,4
4LAeYT3HePNPYjJkMI5lUx,Windy,Purrple Cat,0.741,0.499,0.283,0.517,0.965,0.0515,142.025,-14.072,0,4,155502,4
2290AAtr2ozgv9s5r3BVbM,Purr Box,Purrple Cat,0.892,0.73,0.436,0.23,0.872,0.0388,119.997,-11.421,1,1,172016,3
6j0TOBjh2UTUimBbEMzi8j,Beach Bonfire,Purrple Cat,0.923,0.751,0.429,0.834,0.924,0.0427,160.005,-10.584,1,5,182710,4
6ivFsWdbdi5PiddqYKwyJB,Morning Dew,Purrple Cat,0.601,0.743,0.317,0.0858,0.892,0.0307,123.973,-13.611,1,3,164808,4
2JzVcIcbBT4USzxjG5AizM,Strawberry Lemonade,Purrple Cat,0.604,0.483,0.431,0.091,0.908,0.163,100.794,-13.817,1,0,156311,3
0yMZixlwAZP2fR9OWb7mEZ,Nevermore,Purrple Cat,0.748,0.681,0.493,0.105,0.86,0.0315,93.002,-11.12,0,4,158064,4
3kF2ubApLhqNAPO25OyEmw,Lonely,Purrple Cat,0.438,0.652,0.161,0.105,0.908,0.0301,112.016,-16.97,1,8,175993,4
3KNQhKHSdCpTLT2tY99Xeb,Crescent Moon,Purrple Cat,0.847,0.677,0.113,0.0968,0.957,0.031,110.011,-19.286,0,9,142920,4
1ifBGCfgCn7V4ai7gJoIg2,I Thought We'd Be Friends Forever,Purrple Cat,0.22,0.485,0.356,0.0389,0.88,0.0994,219.923,-16.278,0,2,139097,4
4IsDiWB5HHzknu8kE9YyTl,Night Train,Purrple Cat,0.756,0.746,0.242,0.0699,0.906,0.0315,124.043,-15.074,0,4,183196,3
30L8rIkantVoQtKDsp1NZn,Let's Go Shopping,Purrple Cat,0.735,0.725,0.694,0.818,0.818,0.0315,119.967,-13.94,1,0,116182,4
30sBAbcBciVMJDK5c1CCSh,Mono no aware,Lo-Fi Tigers,0.886,0.766,0.325,0.142,0.884,0.0375,115.028,-16.641,0,4,102283,4
026Od2GbubLrMxW7paxCFb,Edge of the Universe,Purrple Cat,0.907,0.635,0.212,0.0966,0.869,0.0294,85.015,-17.385,0,7,180765,4
2BcFTnO5iJHpmlYKH3WxEY,Magical Moments,Purrple Cat,0.238,0.75,0.381,0.49,0.873,0.0387,152.08,-11.459,0,0,151859,4
5IgEzW8lN28EpRnv0gCfoq,My Cookie Fell Apart,Purrple Cat,0.765,0.556,0.0954,0.343,0.84,0.0633,129.84,-10.922,1,0,122312,5
2eYziVe9lGVtz5U6dj6Gst,A Place to Hide,Purrple Cat,0.788,0.72,0.118,0.197,0.847,0.0684,113.982,-16.062,1,0,175274,4
1Qd0XQgXg11YV9myZv5m71,I Have Too Many Feelings,Purrple Cat,0.478,0.539,0.37,0.122,0.384,0.0454,102.086,-15.993,0,10,195012,4
3kULG76xmfjJssNuLDMKgY,Celestial Sands,Purrple Cat,0.419,0.684,0.289,0.0481,0.895,0.0274,104.046,-13.335,1,0,172248,1
0pP0p7X4SXzdkjugDOPt4s,Sleepy Eyes,Purrple Cat,0.87,0.566,0.27,0.112,0.92,0.0413,80.02,-16.408,1,1,166999,4
2gf0CXHoox28BbSURZGJpT,Defunct,Purrple Cat,0.109,0.666,0.45,0.0464,0.857,0.0275,107.027,-14.237,1,5,131355,3
6LiaRnA1PnpW7FlzaPYwfU,Time Stands Still,Purrple Cat,0.892,0.726,0.125,0.0491,0.962,0.0324,112.0,-16.177,1,8,205993,4
4AgAJqBiAny0EeMXG7vp14,Dance of the Cacti,Purrple Cat,0.658,0.7,0.254,0.0661,0.916,0.0323,117.976,-14.533,0,0,153618,3
4Dvbd1LW8bZ57npA9ppS5r,Beach Resort,Purrple Cat,0.752,0.713,0.441,0.365,0.732,0.0413,119.982,-14.077,1,0,130125,4
20DB0wXqHeyoWDehLeEBeA,Twilight Market,Purrple Cat,0.611,0.675,0.214,0.0374,0.882,0.0365,124.022,-14.501,1,2,174728,4
1ZU8fjBMkSSGf7qxPoM7wp,Dune Drifter,Purrple Cat,0.827,0.684,0.274,0.166,0.888,0.0378,133.976,-14.6,0,7,150718,4
7sW3Zih8LvdHUThYsBuuyy,Foggy Window,Purrple Cat,0.899,0.724,0.338,0.303,0.923,0.0613,79.984,-15.78,0,9,192758,4
0UqnsB2mtyAvl4xqYt5otR,42,Purrple Cat,0.775,0.623,0.286,0.307,0.928,0.0479,90.02,-14.727,1,5,202875,4
6xxEgrVW69vyhmSeCwLcMU,Space Rain,Purrple Cat,0.712,0.658,0.281,0.0831,0.89,0.036,80.007,-15.131,0,9,127516,4
5fPpaE3Qd2ulfUIRwfJF24,In the Past,Purrple Cat,0.662,0.722,0.135,0.124,0.871,0.0376,120.004,-15.006,1,8,164260,4
703IS4Nk9enqdwN84HcuJj,Happy Trails,Purrple Cat,0.813,0.849,0.25,0.264,0.869,0.0446,137.98,-15.143,1,0,139574,4
1RyzWwl1XbWEK9XoQmA51S,Light Years Apart,Purrple Cat,0.672,0.761,0.316,0.134,0.875,0.0342,101.0,-11.71,1,10,205885,4
5UOar0bOKsUuHcHjbKbAoh,Cold Hands,Purrple Cat,0.918,0.584,0.254,0.112,0.879,0.0335,159.992,-16.829,0,9,178516,4
6Q9AuHpL4fUzhaM1V7RtNY,Yesteryear,Purrple Cat,0.876,0.722,0.246,0.075,0.921,0.0332,128.002,-13.013,1,3,167822,4
2olNxg4BTjqqmyT7DL0Sh5,Journey's End,Purrple Cat,0.875,0.701,0.136,0.364,0.92,0.0481,119.998,-14.488,0,11,163010,4
10fczALgpuO5Kcplo8HpN1,Fourth Dimension,Purrple Cat,0.552,0.561,0.291,0.481,0.867,0.0312,177.159,-13.187,0,9,177246,3
0vObQLBp7nSz3ccZPz3Rkr,In the Moment,Purrple Cat,0.402,0.685,0.285,0.19,0.906,0.0283,115.997,-15.143,1,0,203287,4
0GB1qIvHAudmgp3nJ7wdza,The Red Dot,Purrple Cat,0.842,0.741,0.462,0.239,0.931,0.0547,125.02,-14.106,0,6,141440,4
5eXrYzI8pqlvDrs8ZBpnEk,Creation,Purrple Cat,0.712,0.61,0.299,0.509,0.831,0.03,136.075,-12.368,0,7,193442,3
3QH5nm30Qb6NtAGtufIuNv,Shopping Spree,Purrple Cat,0.464,0.653,0.578,0.33,0.919,0.0627,84.9,-11.101,1,3,136132,4
35uCQ9RzCpNHrvoSNiP2Gt,Pitter Patter,Purrple Cat,0.797,0.616,0.224,0.193,0.875,0.0464,192.158,-15.932,0,5,180163,4
5hWZtoe438YDHHcRcyyquk,After the Rain,Purrple Cat,0.896,0.632,0.152,0.145,0.807,0.0537,100.021,-16.778,1,6,163812,4
